URL,Last crawled
https://chrisyourmanwithavan.com/services/courier/,2025-11-08
https://chrisyourmanwithavan.com/locations/sanquhar/,2025-11-08
https://chrisyourmanwithavan.com/locations/ayr/,2025-11-08
https://chrisyourmanwithavan.com/locations/largs/,2025-11-08
https://chrisyourmanwithavan.com/services/collection-and-delivery/,2025-11-08
https://chrisyourmanwithavan.com/locations/dreghorn/,2025-11-08
https://chrisyourmanwithavan.com/services/end-of-tenancy/,2025-11-08
https://chrisyourmanwithavan.com/locations/stewarton/,2025-11-08
https://chrisyourmanwithavan.com/locations/kilmarnock/,2025-11-08
https://chrisyourmanwithavan.com/locations/kirkconnel/,2025-11-08
https://chrisyourmanwithavan.com/locations/troon/,2025-11-08
https://chrisyourmanwithavan.com/locations/kilwinning/,2025-11-08
https://chrisyourmanwithavan.com/locations/mossblown/,2025-11-06
https://chrisyourmanwithavan.com/locations/dalmellington/,2025-11-06